Header,Title,Steps to Reproduce,Expected Behavior,Observed Behavior
Critical Bug #1,Missing metrics-display element causes silent failure,"1. Open the application in browser
2. Navigate to Live Demo section
3. Check browser console for errors
4. Observe metrics display area","Metrics should display model accuracy and performance data
Console should show no errors related to missing elements","Function fails silently
No metrics are displayed
Console shows: 'Cannot read property of null' error
Metrics display area shows only placeholder text"
Critical Bug #2,Missing playbook-content element causes silent failure,"1. Open the application in browser
2. Navigate to Live Demo section
3. Check browser console for errors
4. Observe playbook content area","Playbook should display root cause distribution and prescriptive actions
Console should show no errors related to missing elements","Function fails silently
No playbook content is displayed
Console shows: 'Cannot read property of null' error
Playbook area shows only placeholder text"
Critical Bug #3,Missing localStorage load function loses user data,"1. Open the application
2. Add notes to any customer in the modal
3. Click 'Save Intervention'
4. Refresh the page
5. Open the same customer modal again","User's saved notes should persist after page refresh
Notes should be loaded automatically on page load","User's saved notes are lost on page refresh
Notes field appears empty after refresh
No data persistence functionality exists"
Critical Bug #4,No error handling for valueThreshold causes crashes,"1. Open the application
2. Navigate to Customer Dashboard
3. Manually remove the valueThreshold input element from DOM
4. Try to change the filter threshold","Application should handle missing elements gracefully
Should show error message and continue functioning","Application crashes with 'Cannot read property of null' error
Filter functionality stops working
No error handling or fallback behavior"
Critical Bug #5,Random data changes on every page load,"1. Open the application
2. Note the customer data values (e.g. Total Data Usage, Days Since Last Login)
3. Refresh the page
4. Compare the same customer data values","Customer data should remain consistent across page loads
Same customer should always show same values","Customer data changes on every page refresh
Values like Total Data Usage, Days Since Last Login are different each time
Inconsistent user experience"
Medium Bug #6,actionLogInput race condition prevents note loading,"1. Open the application
2. Navigate to Customer Dashboard
3. Click on any customer card to open modal
4. Check if notes field is populated","Notes should load immediately when modal opens
Previous saved notes should be visible","Notes field may appear empty initially
Race condition between element creation and data population
Notes might not load properly"
Medium Bug #7,No data validation in saveNoteLocally allows invalid saves,"1. Open the application
2. Navigate to Customer Dashboard
3. Open any customer modal
4. Manually call saveNoteLocally with invalid parameters (e.g. saveNoteLocally(999))","Function should validate customerId parameter
Should reject invalid customer IDs
Should show appropriate error messages","Function accepts invalid customer IDs
May save data to wrong customer or fail silently
No validation or error handling for invalid inputs"
Medium Bug #8,Hardcoded top 10 limit hides important customers,"1. Open the application
2. Navigate to Customer Dashboard
3. Set ARR threshold to $1000
4. Observe how many customers are displayed","Should show all customers meeting the threshold
No artificial limit on displayed results","Only shows maximum 10 customers even if more qualify
Important customers may be hidden from view
Misleading filter results"
Medium Bug #9,Customer Dashboard not initialized on page load,"1. Open the application
2. Navigate directly to Customer Dashboard section
3. Observe if customer cards are displayed","Customer cards should be visible immediately
Dashboard should be fully functional on first visit","Customer cards are not displayed initially
Dashboard appears empty until user interacts with filters
Poor user experience"
Medium Bug #10,Missing error handling in closeDetailModal causes crashes,"1. Open the application
2. Navigate to Customer Dashboard
3. Manually remove the detailModal element from DOM
4. Try to close the modal","Application should handle missing modal gracefully
Should show error message and continue functioning","Application crashes with 'Cannot read property of null' error
Modal functionality stops working
No error handling or fallback behavior"
Medium Bug #11,Filter status shows wrong count,"1. Open the application
2. Navigate to Customer Dashboard
3. Set ARR threshold to $1000
4. Observe the filter status message","Filter status should show actual number of displayed customers
Count should match what user sees","Filter status shows count of ALL qualifying customers
But only 10 are actually displayed
Misleading information to user"
Medium Bug #12,Modal shows wrong customer data,"1. Open the application
2. Navigate to Customer Dashboard
3. Apply a filter that shows only some customers
4. Click on a filtered customer card
5. Check if modal shows correct customer data","Modal should show data for the clicked customer
Should match the customer from the filtered list","Modal may show data from wrong customer
Inconsistency between displayed list and modal data
Data mismatch issues"
Medium Bug #13,localStorage key collision risks data loss,"1. Open the application
2. Save notes for customers
3. Open another application that uses 'customerData' key
4. Check if notes are still available","Each application should use unique localStorage keys
Data should not be overwritten by other applications","Data could be overwritten by other applications
Generic key 'customerData' is not unique
Risk of data loss in multi-app environments"
Medium Bug #14,Customer Dashboard not initialized on navigation,"1. Open the application
2. Click on 'Customer Dashboard' navigation link
3. Observe if dashboard is properly initialized","Dashboard should initialize automatically when navigated to
Should show customer cards immediately","Dashboard appears empty when first navigated to
Requires user interaction to become functional
Poor navigation experience"
Medium Bug #15,No try-catch blocks cause application crashes,"1. Open the application
2. Trigger any unexpected error condition
3. Observe application behavior","Application should handle errors gracefully
Should show error messages and continue functioning","Application crashes on unexpected errors
No error recovery mechanism
Poor error handling throughout application"
Medium Bug #16,No input validation causes unexpected behavior,"1. Open the application
2. Navigate to Customer Dashboard
3. Enter invalid values in ARR threshold (e.g. negative numbers, text)
4. Observe application behavior","Application should validate user inputs
Should reject invalid values and show error messages","Application accepts invalid inputs
May cause unexpected behavior or crashes
No input validation or error messages"
Medium Bug #17,Missing error handling for missing elements,"1. Open the application
2. Manually remove various HTML elements from DOM
3. Try to use application features
4. Observe error handling","Application should check for element existence
Should show appropriate error messages
Should continue functioning when possible","Functions fail silently when elements are missing
No error messages or user feedback
Broken functionality without indication"
Low Bug #18,Inconsistent console logging confuses debugging,"1. Open the application
2. Open browser console
3. Observe the logged customer statistics
4. Compare with actual displayed data","Console logs should be consistent
Should use same data source throughout
Should match displayed information","Console logs different customer counts
Uses different data sources (customerData vs processedCustomers)
Confusing debugging information"
Low Bug #19,Modern JavaScript features limit browser compatibility,"1. Open the application in Internet Explorer 11 or older browser
2. Try to use application features
3. Observe functionality","Application should work in target browsers
Should have appropriate browser support","Application may not work in older browsers
Uses modern JavaScript features without polyfills
Limited browser compatibility"
